yORF,localization
YAL005C,12
YAL007C,3
YAL008W,8
YAL009W,12
YAL011W,13
YAL012W,12
YAL014C,12
YAL015C,13
YAL016W,12
YAL021C,12
YAL023C,3
YAL027W,13
YAL031C,12
YAL032C,13
YAL033W,13
YAL034W-A,10
YAL035W,12
YAL036C,12
YAL039C,12
YAL041W,13
YAL043C,13
YAL044C,7
YAL047C,10
YAL049C,8
YAL053W,11
YAL054C,8
YAL055W,12
YAL056W,12
YAL058W,8
YAL059W,13
YAL060W,12
YAL061W,12
YAR002C-A,14
YAR002W,13
YAR003W,13
YAR007C,13
YAR014C,13
YAR015W,12
YAR019C,12
YAR027W,8
YAR028W,8
YAR071W,8
YBL003C,13
YBL005W,13
YBL008W,13
YBL010C,12
YBL011W,3
YBL013W,8
YBL014C,13
YBL015W,7
YBL016W,13
YBL018C,13
YBL019W,8
YBL021C,13
YBL023C,13
YBL024W,13
YBL025W,10
YBL026W,12
YBL027W,12
YBL028C,13
YBL029C-A,1
YBL029W,8
YBL031W,8
YBL032W,12
YBL033C,12
YBL035C,13
YBL036C,12
YBL038W,7
YBL039C,12
YBL040C,3
YBL042C,1
YBL045C,7
YBL046W,13
YBL051C,12
YBL052C,13
YBL054W,13
YBL055C,12
YBL056W,12
YBL057C,7
YBL059W,12
YBL060W,8
YBL064C,7
YBL067C,8
YBL068W,12
YBL069W,12
YBL071W-A,12
YBL072C,12
YBL074C,12
YBL075C,8
YBL080C,8
YBL082C,12
YBL084C,13
YBL085W,11
YBL086C,11
YBL087C,13
YBL090W,8
YBL091C,12
YBL093C,13
YBL095W,7
YBL097W,13
YBL098W,9
YBL099W,7
YBL102W,4
YBL103C,12
YBL107C,8
YBL111C,8
YBR001C,12
YBR003W,7
YBR005W,14
YBR006W,12
YBR007C,12
YBR008C,8
YBR010W,8
YBR011C,12
YBR014C,14
YBR015C,4
YBR016W,1
YBR017C,8
YBR025C,12
YBR026C,12
YBR028C,12
YBR030W,13
YBR031W,12
YBR034C,13
YBR036C,14
YBR037C,7
YBR039W,7
YBR041W,8
YBR042C,6
YBR043C,1
YBR046C,12
YBR047W,7
YBR048W,12
YBR049C,13
YBR052C,1
YBR054W,8
YBR055C,13
YBR056W,8
YBR057C,12
YBR058C,13
YBR060C,13
YBR061C,12
YBR065C,13
YBR066C,13
YBR067C,3
YBR068C,14
YBR069C,1
YBR070C,12
YBR071W,12
YBR072W,12
YBR073W,13
YBR077C,14
YBR079C,12
YBR082C,12
YBR083W,13
YBR084C-A,12
YBR084W,7
YBR085C-A,12
YBR085W,8
YBR086C,1
YBR087W,13
YBR088C,8
YBR089C-A,13
YBR090C,13
YBR092C,8
YBR093C,8
YBR094W,12
YBR095C,13
YBR096W,12
YBR101C,12
YBR102C,11
YBR104W,7
YBR105C,12
YBR106W,3
YBR107C,8
YBR109C,0
YBR110W,3
YBR111C,12
YBR112C,13
YBR114W,13
YBR117C,8
YBR119W,13
YBR120C,7
YBR121C,12
YBR122C,7
YBR123C,13
YBR125C,12
YBR126C,12
YBR127C,14
YBR129C,12
YBR130C,11
YBR131W,4
YBR132C,12
YBR133C,12
YBR135W,13
YBR137W,12
YBR138C,8
YBR139W,14
YBR141C,13
YBR142W,13
YBR145W,12
YBR149W,12
YBR151W,12
YBR152W,13
YBR155W,12
YBR156C,10
YBR158W,8
YBR159W,3
YBR160W,13
YBR161W,14
YBR162C,14
YBR162W-A,3
YBR163W,12
YBR164C,5
YBR166C,12
YBR167C,13
YBR168W,12
YBR169C,12
YBR170C,13
YBR171W,3
YBR172C,12
YBR173C,8
YBR175W,13
YBR176W,7
YBR177C,3
YBR179C,7
YBR181C,12
YBR185C,7
YBR187W,14
YBR188C,13
YBR189W,12
YBR191W,12
YBR193C,13
YBR194W,13
YBR195C,8
YBR196C,12
YBR197C,12
YBR198C,8
YBR199W,14
YBR200W,11
YBR202W,13
YBR205W,14
YBR207W,14
YBR211C,10
YBR212W,12
YBR214W,12
YBR215W,13
YBR216C,12
YBR221C,7
YBR222C,12
YBR223C,13
YBR225W,12
YBR227C,7
YBR230C,7
YBR231C,13
YBR233W,12
YBR233W-A,10
YBR234C,0
YBR236C,13
YBR238C,12
YBR239C,13
YBR242W,12
YBR244W,12
YBR247C,13
YBR248C,12
YBR249C,12
YBR251W,7
YBR252W,12
YBR253W,13
YBR254C,12
YBR255W,12
YBR256C,8
YBR258C,13
YBR259W,8
YBR260C,12
YBR261C,12
YBR262C,7
YBR263W,7
YBR264C,8
YBR265W,3
YBR267W,12
YBR268W,7
YBR269C,7
YBR271W,8
YBR272C,12
YBR273C,13
YBR274W,8
YBR278W,13
YBR279W,13
YBR281C,12
YBR282W,7
YBR283C,3
YBR286W,8
YBR287W,3
YBR288C,5
YBR289W,13
YBR290W,3
YBR291C,7
YBR296C,8
YBR302C,8
YCL001W,4
YCL005W,6
YCL009C,7
YCL010C,13
YCL011C,13
YCL016C,13
YCL025C,3
YCL026C-A,12
YCL027W,8
YCL028W,12
YCL029C,10
YCL030C,12
YCL031C,13
YCL032W,12
YCL034W,12
YCL035C,12
YCL037C,12
YCL039W,12
YCL040W,12
YCL044C,7
YCL045C,3
YCL050C,12
YCL052C,3
YCL055W,13
YCL056C,8
YCL057W,12
YCL059C,13
YCL064C,7
YCR002C,11
YCR003W,7
YCR004C,12
YCR005C,12
YCR009C,0
YCR012W,12
YCR016W,13
YCR017C,3
YCR018C,8
YCR018C-A,12
YCR020C,8
YCR020W-B,13
YCR021C,8
YCR023C,14
YCR024C,7
YCR024C-A,14
YCR027C,12
YCR028C-A,7
YCR030C,11
YCR034W,3
YCR035C,13
YCR037C,12
YCR038C,11
YCR043C,5
YCR044C,3
YCR046C,7
YCR048W,12
YCR051W,13
YCR053W,12
YCR054C,12
YCR057C,13
YCR059C,12
YCR060W,12
YCR061W,12
YCR063W,13
YCR065W,12
YCR069W,14
YCR071C,7
YCR073W-A,12
YCR077C,12
YCR079W,7
YCR082W,13
YCR083W,7
YCR086W,13
YCR087C-A,13
YCR088W,0
YCR090C,12
YCR092C,13
YCR094W,5
YCR095C,12
YDL001W,13
YDL002C,14
YDL003W,13
YDL005C,13
YDL008W,14
YDL010W,14
YDL012C,1
YDL015C,6
YDL017W,13
YDL018C,3
YDL020C,8
YDL021W,8
YDL022W,8
YDL025C,1
YDL027C,7
YDL028C,11
YDL030W,13
YDL033C,7
YDL036C,13
YDL040C,12
YDL042C,13
YDL043C,13
YDL045C,8
YDL045W-A,12
YDL046W,14
YDL048C,8
YDL051W,13
YDL052C,3
YDL053C,13
YDL054C,14
YDL056W,13
YDL059C,8
YDL061C,12
YDL063C,13
YDL064W,13
YDL065C,12
YDL066W,7
YDL067C,8
YDL070W,13
YDL072C,3
YDL076C,13
YDL078C,12
YDL080C,13
YDL081C,12
YDL084W,8
YDL085C-A,13
YDL087C,13
YDL088C,13
YDL089W,8
YDL090C,12
YDL091C,12
YDL092W,3
YDL095W,3
YDL097C,13
YDL098C,13
YDL099W,12
YDL100C,12
YDL101C,13
YDL103C,12
YDL104C,7
YDL105W,13
YDL106C,13
YDL107W,8
YDL108W,13
YDL110C,12
YDL111C,13
YDL113C,12
YDL115C,12
YDL116W,13
YDL117W,12
YDL120W,7
YDL121C,3
YDL122W,12
YDL123W,14
YDL124W,12
YDL125C,12
YDL126C,13
YDL128W,3
YDL129W,8
YDL130W,12
YDL130W-A,7
YDL131W,13
YDL132W,13
YDL133C-A,12
YDL134C,12
YDL135C,12
YDL136W,12
YDL137W,5
YDL139C,13
YDL141W,12
YDL142C,8
YDL144C,12
YDL146W,12
YDL147W,13
YDL150W,13
YDL155W,8
YDL156W,13
YDL157C,12
YDL159W,12
YDL160C,12
YDL161W,0
YDL164C,13
YDL165W,12
YDL166C,13
YDL167C,12
YDL168W,12
YDL170W,13
YDL173W,1
YDL174C,7
YDL175C,13
YDL178W,7
YDL180W,8
YDL181W,7
YDL182W,13
YDL184C,12
YDL188C,12
YDL189W,12
YDL190C,13
YDL192W,5
YDL197C,13
YDL201W,13
YDL202W,7
YDL203C,12
YDL204W,8
YDL205C,12
YDL207W,13
YDL208W,13
YDL209C,13
YDL211C,8
YDL212W,3
YDL213C,13
YDL216C,8
YDL219W,12
YDL220C,13
YDL222C,8
YDL224C,12
YDL225W,11
YDL226C,12
YDL227C,8
YDL229W,12
YDL230W,12
YDL232W,3
YDL233W,13
YDL234C,12
YDL235C,12
YDL236W,12
YDL238C,8
YDL240W,11
YDL248W,8
YDR001C,12
YDR003W,14
YDR004W,8
YDR005C,13
YDR006C,13
YDR007W,12
YDR012W,12
YDR014W,13
YDR016C,10
YDR019C,7
YDR020C,13
YDR021W,13
YDR022C,8
YDR023W,12
YDR024W,8
YDR025W,12
YDR026C,13
YDR028C,12
YDR031W,12
YDR032C,1
YDR034W-B,1
YDR036C,7
YDR041W,14
YDR043C,13
YDR044W,12
YDR046C,14
YDR047W,12
YDR049W,12
YDR050C,12
YDR051C,12
YDR052C,8
YDR054C,13
YDR055W,3
YDR056C,3
YDR059C,12
YDR061W,7
YDR062W,3
YDR063W,12
YDR065W,8
YDR066C,12
YDR067C,12
YDR068W,12
YDR069C,12
YDR070C,7
YDR071C,12
YDR072C,8
YDR073W,13
YDR074W,12
YDR075W,12
YDR076W,13
YDR077W,3
YDR079C-A,13
YDR079W,7
YDR080W,4
YDR081C,13
YDR083W,13
YDR084C,4
YDR087C,13
YDR088C,13
YDR089W,14
YDR090C,1
YDR091C,12
YDR092W,12
YDR096W,13
YDR098C,12
YDR099W,12
YDR100W,5
YDR101C,13
YDR103W,12
YDR105C,14
YDR108W,12
YDR110W,13
YDR111C,12
YDR116C,7
YDR118W,13
YDR119W,14
YDR120C,13
YDR121W,8
YDR123C,13
YDR125C,8
YDR129C,0
YDR130C,10
YDR131C,8
YDR132C,8
YDR137W,4
YDR138W,13
YDR139C,12
YDR140W,12
YDR144C,14
YDR147W,8
YDR148C,7
YDR152W,12
YDR153C,5
YDR155C,12
YDR156W,13
YDR158W,12
YDR161W,13
YDR164C,8
YDR165W,13
YDR166C,11
YDR167W,13
YDR168W,12
YDR169C,12
YDR170W-A,5
YDR171W,12
YDR172W,12
YDR173C,8
YDR174W,13
YDR175C,7
YDR176W,13
YDR177W,13
YDR178W,7
YDR179C,8
YDR181C,8
YDR182W,8
YDR183W,12
YDR184C,8
YDR185C,7
YDR186C,12
YDR189W,5
YDR190C,13
YDR191W,8
YDR193W,8
YDR194C,7
YDR195W,13
YDR196C,3
YDR197W,12
YDR200C,12
YDR201W,8
YDR202C,12
YDR204W,9
YDR205W,3
YDR207C,13
YDR208W,12
YDR210W,1
YDR211W,12
YDR213W,13
YDR214W,12
YDR219C,7
YDR221W,3
YDR222W,8
YDR224C,13
YDR225W,8
YDR226W,12
YDR228C,13
YDR229W,4
YDR231C,7
YDR232W,7
YDR233C,2
YDR234W,7
YDR235W,13
YDR236C,12
YDR238C,5
YDR239C,12
YDR240C,13
YDR243C,13
YDR244W,9
YDR245W,5
YDR246W,12
YDR247W,12
YDR248C,8
YDR250C,12
YDR251W,11
YDR252W,12
YDR253C,8
YDR254W,8
YDR258C,7
YDR261C,8
YDR262W,14
YDR264C,5
YDR265W,9
YDR266C,12
YDR267C,12
YDR268W,7
YDR272W,12
YDR275W,6
YDR279W,13
YDR280W,13
YDR281C,8
YDR284C,14
YDR288W,13
YDR294C,3
YDR295C,13
YDR296W,7
YDR297W,3
YDR298C,7
YDR300C,12
YDR302W,3
YDR303C,8
YDR304C,14
YDR305C,12
YDR307W,3
YDR308C,13
YDR309C,12
YDR311W,13
YDR312W,13
YDR313C,4
YDR314C,13
YDR316W,7
YDR318W,10
YDR319C,8
YDR320C,4
YDR320C-A,10
YDR322C-A,9
YDR322W,7
YDR324C,13
YDR328C,12
YDR329C,9
YDR330W,8
YDR332W,8
YDR333C,8
YDR337W,7
YDR338C,8
YDR343C,1
YDR344C,8
YDR345C,1
YDR346C,12
YDR347W,7
YDR348C,11
YDR349C,12
YDR350C,8
YDR352W,14
YDR353W,12
YDR354W,12
YDR356W,10
YDR357C,12
YDR358W,12
YDR361C,13
YDR362C,13
YDR363W,13
YDR363W-A,13
YDR367W,5
YDR368W,12
YDR369C,13
YDR370C,8
YDR371W,8
YDR372C,13
YDR373W,5
YDR375C,7
YDR376W,7
YDR377W,7
YDR379C-A,7
YDR379W,12
YDR380W,8
YDR381W,13
YDR382W,12
YDR384C,14
YDR385W,12
YDR388W,0
YDR389W,12
YDR390C,13
YDR391C,12
YDR392W,13
YDR394W,7
YDR395W,13
YDR397C,13
YDR398W,13
YDR399W,12
YDR400W,12
YDR404C,13
YDR405W,7
YDR408C,12
YDR409W,13
YDR410C,3
YDR411C,13
YDR412W,13
YDR414C,8
YDR416W,13
YDR418W,12
YDR419W,13
YDR421W,8
YDR422C,12
YDR423C,13
YDR424C,13
YDR425W,4
YDR427W,13
YDR429C,13
YDR430C,7
YDR432W,13
YDR434W,3
YDR436W,12
YDR437W,12
YDR439W,13
YDR440W,13
YDR441C,12
YDR444W,8
YDR447C,12
YDR448W,13
YDR449C,13
YDR450W,13
YDR451C,8
YDR452W,14
YDR453C,12
YDR454C,12
YDR456W,4
YDR458C,13
YDR460W,13
YDR461W,12
YDR462W,7
YDR463W,13
YDR465C,12
YDR469W,13
YDR471W,12
YDR472W,12
YDR476C,3
YDR477W,12
YDR478W,13
YDR479C,12
YDR480W,13
YDR481C,14
YDR482C,13
YDR483W,4
YDR484W,9
YDR485C,13
YDR486C,4
YDR487C,12
YDR492W,8
YDR493W,7
YDR495C,6
YDR496C,13
YDR497C,1
YDR498C,12
YDR499W,13
YDR500C,12
YDR502C,12
YDR503C,12
YDR505C,12
YDR508C,1
YDR510W,12
YDR511W,7
YDR513W,13
YDR514C,8
YDR515W,12
YDR516C,12
YDR517W,5
YDR519W,14
YDR520C,13
YDR523C,8
YDR524C,12
YDR525W-A,14
YDR527W,12
YDR528W,12
YDR529C,8
YDR530C,12
YDR531W,12
YDR532C,10
YDR533C,12
YDR538W,7
YDR539W,12
YDR540C,8
YEL001C,3
YEL002C,3
YEL003W,12
YEL005C,8
YEL006W,7
YEL007W,13
YEL008W,12
YEL009C,13
YEL011W,12
YEL012W,12
YEL013W,14
YEL014C,12
YEL015W,5
YEL017C-A,14
YEL017W,13
YEL018W,13
YEL019C,13
YEL020C,8
YEL036C,5
YEL037C,13
YEL038W,12
YEL039C,12
YEL040W,3
YEL042W,14
YEL043W,12
YEL046C,12
YEL047C,12
YEL048C,5
YEL050C,13
YEL051W,14
YEL052W,7
YEL053C,12
YEL054C,12
YEL055C,13
YEL059C-A,12
YEL060C,12
YEL061C,10
YEL062W,8
YEL065W,14
YEL071W,12
YEL073C,8
YER001W,14
YER002W,13
YER003C,12
YER004W,3
YER005W,4
YER006W,13
YER007C-A,12
YER011W,8
YER014W,7
YER016W,10
YER017C,7
YER018C,10
YER019C-A,3
YER020W,1
YER021W,8
YER022W,13
YER023W,12
YER024W,12
YER025W,8
YER027C,12
YER028C,13
YER029C,13
YER030W,13
YER031C,12
YER032W,8
YER034W,12
YER035W,12
YER036C,12
YER037W,8
YER038C,13
YER040W,12
YER042W,12
YER044C,12
YER047C,12
YER048W-A,7
YER049W,13
YER052C,12
YER053C,7
YER053C-A,3
YER054C,8
YER056C,1
YER056C-A,12
YER059W,12
YER061C,7
YER062C,12
YER063W,13
YER064C,8
YER067W,12
YER068W,12
YER069W,7
YER071C,0
YER072W,3
YER075C,12
YER077C,7
YER078C,7
YER079W,12
YER080W,7
YER081W,12
YER083C,3
YER084W,12
YER086W,12
YER087C-A,3
YER088C,12
YER089C,12
YER091C,12
YER092W,13
YER095W,8
YER098W,8
YER099C,12
YER100W,3
YER101C,12
YER102W,12
YER103W,12
YER104W,8
YER107C,13
YER112W,12
YER113C,5
YER116C,13
YER118C,11
YER120W,3
YER122C,5
YER123W,14
YER124C,8
YER126C,12
YER128W,13
YER131W,12
YER133W,13
YER134C,12
YER136W,12
YER139C,12
YER140W,12
YER141W,7
YER142C,13
YER143W,12
YER145C,1
YER147C,13
YER148W,13
YER149C,11
YER150W,8
YER151C,12
YER152C,12
YER153C,7
YER154W,7
YER156C,13
YER157W,5
YER159C,13
YER161C,13
YER162C,13
YER163C,12
YER165W,12
YER167W,8
YER168C,12
YER169W,13
YER171W,13
YER173W,8
YER174C,12
YER175C,12
YER177W,12
YER178W,7
YER182W,7
YER183C,8
YFL001W,13
YFL002C,13
YFL004W,12
YFL010C,12
YFL013C,13
YFL014W,12
YFL016C,7
YFL017C,8
YFL017W-A,13
YFL018C,7
YFL021W,12
YFL023W,12
YFL024C,13
YFL026W,14
YFL027C,12
YFL028C,12
YFL029C,8
YFL030W,8
YFL031W,13
YFL034C-A,12
YFL034C-B,12
YFL041W,14
YFL044C,13
YFL045C,12
YFL046W,7
YFL047W,12
YFL048C,14
YFL049W,13
YFL062W,14
YFR001W,14
YFR002W,13
YFR004W,13
YFR005C,13
YFR006W,12
YFR008W,12
YFR009W,12
YFR010W,13
YFR011C,12
YFR013W,13
YFR014C,12
YFR015C,12
YFR017C,12
YFR021W,12
YFR024C-A,12
YFR025C,12
YFR027W,8
YFR028C,13
YFR031C-A,12
YFR032C-A,12
YFR033C,12
YFR034C,8
YFR036W,13
YFR037C,13
YFR039C,8
YFR040W,12
YFR041C,3
YFR044C,12
YFR046C,8
YFR047C,12
YFR048W,8
YFR049W,12
YFR050C,13
YFR051C,5
YFR052W,13
YFR053C,12
YGL001C,3
YGL004C,12
YGL005C,12
YGL009C,12
YGL010W,12
YGL011C,13
YGL012W,3
YGL014W,12
YGL017W,8
YGL018C,7
YGL019W,13
YGL020C,3
YGL021W,8
YGL022W,3
YGL023C,14
YGL026C,12
YGL029W,13
YGL031C,12
YGL032C,14
YGL035C,13
YGL036W,8
YGL037C,12
YGL038C,4
YGL039W,12
YGL040C,12
YGL043W,13
YGL047W,12
YGL048C,13
YGL049C,12
YGL053W,12
YGL054C,14
YGL055W,3
YGL056C,12
YGL057C,8
YGL058W,13
YGL059W,7
YGL060W,12
YGL066W,13
YGL067W,12
YGL068W,7
YGL070C,8
YGL071W,13
YGL073W,13
YGL076C,12
YGL077C,1
YGL078C,13
YGL079W,4
YGL082W,12
YGL083W,4
YGL084C,3
YGL085W,7
YGL086W,13
YGL087C,12
YGL090W,8
YGL091C,12
YGL093W,10
YGL095C,5
YGL097W,13
YGL098W,6
YGL099W,12
YGL101W,12
YGL105W,12
YGL107C,7
YGL108C,1
YGL110C,12
YGL111W,13
YGL112C,13
YGL113W,8
YGL115W,12
YGL116W,8
YGL119W,7
YGL120C,13
YGL122C,13
YGL124C,12
YGL125W,13
YGL126W,3
YGL127C,13
YGL128C,13
YGL129C,7
YGL134W,8
YGL135W,12
YGL137W,5
YGL139W,1
YGL141W,13
YGL145W,12
YGL147C,12
YGL153W,9
YGL155W,12
YGL161C,8
YGL162W,13
YGL163C,8
YGL164C,12
YGL166W,13
YGL167C,3
YGL169W,12
YGL172W,13
YGL174W,13
YGL175C,13
YGL178W,12
YGL180W,12
YGL181W,0
YGL184C,12
YGL185C,8
YGL186C,3
YGL187C,7
YGL189C,12
YGL190C,12
YGL194C,13
YGL200C,5
YGL201C,13
YGL202W,12
YGL203C,5
YGL209W,13
YGL210W,12
YGL211W,8
YGL212W,12
YGL213C,12
YGL216W,10
YGL219C,9
YGL220W,12
YGL221C,12
YGL222C,12
YGL223C,5
YGL225W,5
YGL226C-A,8
YGL226W,7
YGL227W,13
YGL229C,8
YGL231C,3
YGL232W,13
YGL233W,11
YGL234W,12
YGL237C,13
YGL238W,13
YGL240W,13
YGL241W,12
YGL244W,13
YGL245W,12
YGL246C,13
YGL247W,13
YGL249W,8
YGL250W,8
YGL252C,12
YGL253W,12
YGL254W,13
YGL255W,8
YGL256W,7
YGR001C,12
YGR002C,13
YGR003W,12
YGR004W,8
YGR007W,12
YGR008C,12
YGR010W,12
YGR012W,7
YGR013W,13
YGR015C,8
YGR017W,12
YGR019W,12
YGR021W,7
YGR024C,12
YGR026W,1
YGR027C,12
YGR028W,7
YGR030C,13
YGR031W,7
YGR033C,7
YGR034W,12
YGR036C,3
YGR037C,12
YGR038W,3
YGR040W,13
YGR041W,8
YGR042W,8
YGR043C,13
YGR044C,8
YGR046W,7
YGR048W,13
YGR049W,12
YGR052W,8
YGR055W,14
YGR058W,12
YGR060W,14
YGR062C,7
YGR063C,13
YGR065C,1
YGR068C,12
YGR071C,13
YGR072W,12
YGR074W,13
YGR075C,13
YGR076C,7
YGR078C,12
YGR080W,0
YGR081C,13
YGR082W,7
YGR083C,12
YGR084C,7
YGR085C,12
YGR086C,2
YGR087C,8
YGR088W,8
YGR089W,12
YGR091W,13
YGR092W,12
YGR093W,13
YGR095C,13
YGR096W,12
YGR100W,12
YGR101W,8
YGR102C,7
YGR103W,13
YGR106C,14
YGR108W,8
YGR111W,12
YGR112W,7
YGR118W,12
YGR119C,13
YGR120C,5
YGR121C,1
YGR122W,12
YGR123C,12
YGR124W,12
YGR126W,13
YGR128C,13
YGR129W,13
YGR130C,2
YGR132C,7
YGR133W,9
YGR135W,13
YGR136W,12
YGR138C,8
YGR140W,10
YGR142W,8
YGR147C,7
YGR148C,12
YGR149W,8
YGR150C,7
YGR151C,12
YGR152C,12
YGR155W,12
YGR156W,13
YGR157W,3
YGR158C,13
YGR159C,13
YGR161C,12
YGR162W,12
YGR163W,14
YGR165W,7
YGR166W,9
YGR167W,5
YGR171C,7
YGR174C,7
YGR175C,3
YGR177C,8
YGR178C,13
YGR179C,10
YGR180C,13
YGR185C,12
YGR186W,13
YGR187C,12
YGR188C,8
YGR189C,12
YGR191W,1
YGR192C,13
YGR193C,7
YGR194C,12
YGR195W,13
YGR198W,1
YGR200C,12
YGR202C,13
YGR203W,12
YGR204W,12
YGR205W,12
YGR206W,12
YGR207C,7
YGR208W,12
YGR209C,8
YGR210C,12
YGR211W,12
YGR214W,12
YGR215W,7
YGR219W,13
YGR220C,7
YGR222W,7
YGR229C,5
YGR231C,7
YGR232W,12
YGR234W,12
YGR235C,7
YGR237C,12
YGR238C,11
YGR239C,9
YGR240C,12
YGR241C,11
YGR243W,7
YGR244C,7
YGR246C,13
YGR247W,5
YGR248W,12
YGR250C,12
YGR251W,13
YGR252W,13
YGR253C,13
YGR254W,12
YGR255C,9
YGR256W,8
YGR257C,7
YGR260W,3
YGR261C,5
YGR262C,13
YGR263C,8
YGR264C,12
YGR266W,1
YGR268C,12
YGR269W,12
YGR271C-A,13
YGR275W,13
YGR277C,12
YGR278W,13
YGR279C,14
YGR280C,13
YGR282C,8
YGR283C,13
YGR284C,3
YGR285C,12
YGR286C,7
YGR295C,14
YHL001W,12
YHL002W,4
YHL003C,13
YHL004W,7
YHL007C,12
YHL008C,12
YHL009C,12
YHL011C,12
YHL013C,12
YHL014C,7
YHL017W,5
YHL019C,12
YHL020C,13
YHL021C,7
YHL025W,13
YHL026C,8
YHL027W,12
YHL028W,8
YHL029C,12
YHL032C,8
YHL033C,12
YHL034C,12
YHL036W,14
YHL038C,7
YHL039W,12
YHL040C,14
YHL048W,12
YHR003C,7
YHR004C,12
YHR007C,3
YHR008C,7
YHR009C,12
YHR012W,8
YHR013C,12
YHR015W,8
YHR018C,12
YHR021C,12
YHR024C,7
YHR025W,12
YHR026W,3
YHR030C,12
YHR031C,13
YHR034C,12
YHR036W,12
YHR037W,7
YHR038W,8
YHR039C,3
YHR039C-A,14
YHR040W,13
YHR042W,3
YHR043C,12
YHR045W,3
YHR046C,12
YHR047C,12
YHR049W,12
YHR051W,7
YHR052W,13
YHR053C,12
YHR055C,12
YHR057C,8
YHR058C,13
YHR059W,7
YHR060W,12
YHR061C,12
YHR062C,13
YHR063C,12
YHR064C,12
YHR066W,13
YHR067W,8
YHR068W,12
YHR069C,13
YHR070W,13
YHR072W,6
YHR072W-A,13
YHR073W,12
YHR074W,12
YHR083W,7
YHR084W,13
YHR085W,13
YHR086W,13
YHR087W,12
YHR089C,13
YHR090C,13
YHR097C,12
YHR098C,5
YHR101C,12
YHR103W,12
YHR104W,12
YHR105W,4
YHR106W,8
YHR108W,5
YHR110W,12
YHR111W,12
YHR112C,8
YHR113W,12
YHR114W,0
YHR115C,8
YHR116W,12
YHR117W,7
YHR118C,13
YHR120W,7
YHR121W,12
YHR122W,12
YHR123W,8
YHR127W,13
YHR129C,8
YHR131C,8
YHR132C,14
YHR132W-A,12
YHR133C,13
YHR135C,12
YHR136C,8
YHR137W,12
YHR138C,12
YHR140W,8
YHR142W,14
YHR143W-A,13
YHR144C,12
YHR146W,1
YHR147C,12
YHR149C,11
YHR152W,13
YHR156C,8
YHR159W,8
YHR161C,11
YHR162W,7
YHR163W,12
YHR166C,13
YHR167W,13
YHR169W,13
YHR170W,12
YHR172W,10
YHR175W,14
YHR178W,13
YHR179W,12
YHR181W,3
YHR182W,8
YHR187W,12
YHR189W,8
YHR190W,3
YHR192W,3
YHR193C,12
YHR194W,8
YHR195W,10
YHR196W,13
YHR197W,13
YHR198C,12
YHR199C,7
YHR200W,13
YHR201C,12
YHR202W,8
YHR203C,12
YHR204W,8
YHR205W,12
YHR206W,13
YHR207C,12
YHR215W,8
YHR216W,12
YIL001W,8
YIL002C,12
YIL004C,12
YIL005W,14
YIL007C,12
YIL008W,12
YIL009W,12
YIL010W,13
YIL015W,14
YIL017C,8
YIL019W,13
YIL020C,12
YIL021W,13
YIL022W,7
YIL027C,3
YIL033C,13
YIL034C,0
YIL035C,13
YIL036W,13
YIL037C,8
YIL038C,12
YIL039W,8
YIL040W,3
YIL041W,12
YIL042C,7
YIL043C,3
YIL044C,12
YIL045W,8
YIL047C,14
YIL050W,12
YIL051C,7
YIL052C,12
YIL053W,12
YIL055C,8
YIL056W,13
YIL057C,8
YIL061C,13
YIL062C,0
YIL063C,13
YIL064W,8
YIL065C,12
YIL066C,8
YIL067C,8
YIL068C,11
YIL069C,12
YIL070C,7
YIL071C,8
YIL074C,12
YIL075C,13
YIL076W,5
YIL077C,7
YIL078W,12
YIL079C,13
YIL083C,12
YIL084C,13
YIL087C,8
YIL088C,12
YIL090W,3
YIL091C,13
YIL092W,8
YIL093C,7
YIL094C,7
YIL095W,0
YIL096C,13
YIL097W,8
YIL098C,7
YIL101C,8
YIL103W,12
YIL104C,13
YIL105C,2
YIL106W,12
YIL107C,8
YIL108W,12
YIL109C,5
YIL110W,8
YIL111W,7
YIL113W,7
YIL114C,7
YIL117C,14
YIL119C,13
YIL121W,1
YIL122W,13
YIL123W,14
YIL125W,7
YIL127C,13
YIL130W,13
YIL131C,13
YIL132C,8
YIL133C,12
YIL135C,12
YIL136W,7
YIL137C,12
YIL138C,12
YIL140W,11
YIL143C,13
YIL144W,10
YIL145C,12
YIL148W,13
YIL150C,13
YIL153W,12
YIL154C,12
YIL155C,7
YIL158W,14
YIL160C,8
YIL161W,12
YIL172C,8
YIR001C,12
YIR002C,13
YIR003W,0
YIR005W,13
YIR007W,8
YIR010W,10
YIR011C,13
YIR012W,13
YIR014W,8
YIR015W,13
YIR017C,13
YIR018W,8
YIR021W,7
YIR022W,3
YIR023W,13
YIR024C,7
YIR026C,12
YIR034C,12
YIR035C,12
YIR036C,12
YIR037W,12
YIR038C,8
YJL002C,3
YJL004C,5
YJL010C,13
YJL011C,13
YJL013C,8
YJL016W,8
YJL024C,5
YJL025W,10
YJL026W,12
YJL029C,9
YJL030W,12
YJL033W,13
YJL034W,8
YJL035C,13
YJL036W,4
YJL043W,7
YJL044C,12
YJL047C,12
YJL048C,10
YJL052W,13
YJL053W,4
YJL054W,7
YJL055W,12
YJL056C,13
YJL057C,8
YJL058C,8
YJL060W,12
YJL061W,13
YJL062W,3
YJL063C,7
YJL065C,13
YJL066C,12
YJL068C,8
YJL069C,13
YJL070C,12
YJL071W,7
YJL078C,3
YJL079C,14
YJL081C,8
YJL082W,12
YJL085W,11
YJL087C,12
YJL088W,12
YJL090C,13
YJL091C,3
YJL096W,7
YJL097W,3
YJL099W,4
YJL101C,12
YJL102W,7
YJL104W,7
YJL107C,8
YJL110C,13
YJL112W,7
YJL115W,13
YJL117W,3
YJL121C,12
YJL122W,13
YJL123C,5
YJL124C,12
YJL125C,13
YJL127C,13
YJL128C,12
YJL131C,8
YJL133W,12
YJL136C,12
YJL137C,12
YJL138C,12
YJL140W,13
YJL143W,12
YJL144W,12
YJL145W,12
YJL146W,13
YJL147C,7
YJL148W,13
YJL151C,14
YJL154C,4
YJL155C,12
YJL157C,8
YJL158C,14
YJL161W,8
YJL162C,8
YJL164C,13
YJL168C,13
YJL169W,12
YJL171C,3
YJL176C,13
YJL177W,12
YJL178C,4
YJL179W,12
YJL183W,5
YJL186W,5
YJL190C,13
YJL191W,13
YJL194W,8
YJL196C,3
YJL198W,3
YJL200C,7
YJL201W,12
YJL203W,13
YJL208C,12
YJL210W,9
YJL217W,12
YJR003C,7
YJR005W,11
YJR006W,13
YJR007W,12
YJR008W,8
YJR009C,12
YJR010C-A,3
YJR010W,12
YJR011C,12
YJR013W,3
YJR014W,12
YJR015W,12
YJR016C,7
YJR017C,13
YJR022W,13
YJR024C,8
YJR025C,12
YJR032W,12
YJR042W,13
YJR043C,8
YJR044C,4
YJR046W,13
YJR047C,8
YJR048W,12
YJR049C,12
YJR050W,13
YJR051W,8
YJR052W,8
YJR053W,10
YJR054W,8
YJR055W,13
YJR056C,8
YJR057W,12
YJR058C,11
YJR059W,12
YJR060W,13
YJR062C,7
YJR063W,13
YJR067C,12
YJR068W,13
YJR069C,12
YJR070C,12
YJR072C,12
YJR073C,14
YJR077C,7
YJR080C,7
YJR082C,13
YJR083C,12
YJR084W,13
YJR085C,4
YJR088C,3
YJR089W,10
YJR094W-A,12
YJR096W,12
YJR097W,12
YJR098C,12
YJR101W,7
YJR103W,8
YJR104C,12
YJR105W,12
YJR110W,12
YJR111C,7
YJR112W,10
YJR113C,7
YJR116W,12
YJR117W,3
YJR118C,8
YJR119C,13
YJR121W,7
YJR122W,7
YJR129C,12
YJR130C,12
YJR131W,3
YJR133W,8
YJR134C,5
YJR135C,10
YJR136C,12
YJR139C,12
YJR143C,12
YJR145C,12
YJR146W,12
YJR147W,13
YJR148W,12
YJR149W,8
YJR154W,8
YJR161C,8
YKL001C,8
YKL002W,6
YKL003C,8
YKL004W,5
YKL006C-A,12
YKL006W,12
YKL007W,0
YKL008C,3
YKL009W,13
YKL011C,8
YKL012W,13
YKL015W,13
YKL016C,7
YKL017C,12
YKL018C-A,8
YKL019W,8
YKL022C,13
YKL023W,12
YKL024C,12
YKL025C,12
YKL026C,8
YKL027W,7
YKL028W,13
YKL029C,7
YKL032C,13
YKL035W,12
YKL040C,7
YKL041W,7
YKL042W,10
YKL043W,13
YKL046C,14
YKL047W,8
YKL048C,11
YKL049C,10
YKL051W,1
YKL053C-A,12
YKL054C,12
YKL055C,12
YKL056C,12
YKL059C,13
YKL061W,12
YKL063C,5
YKL065C,3
YKL067W,12
YKL068W,13
YKL069W,12
YKL071W,12
YKL073W,14
YKL074C,13
YKL075C,12
YKL077W,14
YKL078W,13
YKL079W,11
YKL080W,14
YKL081W,12
YKL085W,7
YKL086W,12
YKL089W,10
YKL091C,13
YKL094W,6
YKL095W,13
YKL096W,3
YKL096W-A,3
YKL102C,12
YKL103C,12
YKL106W,7
YKL108W,8
YKL110C,12
YKL112W,13
YKL113C,13
YKL114C,13
YKL117W,12
YKL119C,3
YKL122C,3
YKL125W,13
YKL126W,12
YKL127W,12
YKL128C,12
YKL130C,12
YKL134C,7
YKL135C,5
YKL138C,7
YKL139W,13
YKL140W,6
YKL142W,12
YKL143W,12
YKL145W,13
YKL146W,12
YKL149C,13
YKL150W,7
YKL151C,12
YKL152C,12
YKL154W,3
YKL155C,7
YKL156W,12
YKL157W,12
YKL160W,13
YKL162C,12
YKL164C,12
YKL165C,14
YKL166C,13
YKL167C,7
YKL168C,12
YKL169C,12
YKL170W,12
YKL173W,13
YKL175W,14
YKL176C,8
YKL179C,6
YKL181W,12
YKL183W,13
YKL184W,12
YKL185W,13
YKL186C,12
YKL187C,8
YKL189W,12
YKL190W,12
YKL191W,12
YKL193C,12
YKL195W,7
YKL204W,12
YKL206C,12
YKL208W,8
YKL210W,13
YKL211C,12
YKL212W,3
YKL213C,13
YKL214C,13
YKL216W,12
YKL222C,8
YKR001C,4
YKR002W,13
YKR003W,12
YKR006C,7
YKR007W,14
YKR010C,13
YKR011C,13
YKR013W,14
YKR014C,12
YKR018C,12
YKR020W,12
YKR021W,8
YKR022C,13
YKR023W,12
YKR024C,13
YKR025W,13
YKR026C,12
YKR027W,5
YKR029C,13
YKR035W-A,13
YKR036C,7
YKR038C,13
YKR039W,14
YKR041W,13
YKR043C,12
YKR044W,12
YKR045C,12
YKR046C,6
YKR048C,12
YKR049C,8
YKR052C,7
YKR055W,13
YKR057W,12
YKR059W,12
YKR060W,13
YKR062W,13
YKR063C,13
YKR064W,13
YKR065C,7
YKR066C,7
YKR067W,3
YKR068C,5
YKR070W,8
YKR071C,12
YKR072C,12
YKR074W,12
YKR075C,8
YKR076W,8
YKR077W,13
YKR078W,8
YKR079C,13
YKR080W,12
YKR083C,10
YKR084C,12
YKR085C,7
YKR087C,7
YKR088C,4
YKR089C,6
YKR090W,12
YKR092C,13
YKR093W,8
YKR094C,12
YKR099W,13
YKR100C,11
YLL001W,9
YLL002W,13
YLL003W,10
YLL006W,8
YLL007C,8
YLL010C,1
YLL011W,13
YLL012W,6
YLL013C,12
YLL018C,12
YLL018C-A,12
YLL022C,13
YLL023C,13
YLL026W,12
YLL027W,7
YLL028W,3
YLL029W,12
YLL031C,3
YLL032C,12
YLL034C,13
YLL036C,13
YLL038C,12
YLL039C,12
YLL041C,7
YLL043W,1
YLL045C,12
YLL051C,14
YLL052C,8
YLL054C,8
YLL055W,8
YLL060C,8
YLL061W,8
YLL062C,8
YLR001C,14
YLR002C,13
YLR003C,13
YLR005W,13
YLR006C,12
YLR011W,12
YLR015W,13
YLR016C,12
YLR017W,12
YLR018C,13
YLR020C,12
YLR022C,12
YLR023C,8
YLR028C,12
YLR033W,13
YLR034C,3
YLR035C,13
YLR036C,12
YLR042C,8
YLR043C,12
YLR044C,13
YLR045C,10
YLR048W,12
YLR050C,3
YLR051C,13
YLR052W,13
YLR055C,13
YLR056W,3
YLR059C,13
YLR060W,12
YLR061W,12
YLR063W,12
YLR064W,3
YLR065C,3
YLR066W,3
YLR067C,7
YLR068W,13
YLR072W,12
YLR073C,12
YLR074C,13
YLR075W,12
YLR079W,8
YLR080W,12
YLR082C,13
YLR083C,14
YLR085C,8
YLR088W,12
YLR090W,12
YLR091W,7
YLR093C,14
YLR094C,8
YLR095C,13
YLR098C,8
YLR100W,6
YLR102C,8
YLR103C,13
YLR105C,7
YLR107W,13
YLR108C,13
YLR109W,12
YLR113W,12
YLR114C,11
YLR115W,13
YLR116W,13
YLR117C,13
YLR118C,12
YLR120C,12
YLR121C,8
YLR126C,12
YLR127C,13
YLR129W,13
YLR131C,8
YLR132C,13
YLR133W,12
YLR134W,8
YLR135W,8
YLR136C,8
YLR138W,1
YLR139C,7
YLR141W,13
YLR142W,7
YLR143W,12
YLR144C,12
YLR145W,13
YLR146C,12
YLR148W,4
YLR149C,8
YLR150W,12
YLR153C,13
YLR154C,13
YLR163C,7
YLR166C,11
YLR168C,7
YLR172C,12
YLR175W,13
YLR176C,13
YLR177W,8
YLR178C,12
YLR179C,12
YLR180W,12
YLR181C,4
YLR182W,13
YLR183C,8
YLR185W,12
YLR190W,12
YLR191W,9
YLR192C,12
YLR193C,7
YLR194C,3
YLR195C,8
YLR196W,13
YLR199C,8
YLR200W,12
YLR201C,7
YLR203C,7
YLR204W,8
YLR206W,0
YLR208W,5
YLR210W,8
YLR211C,8
YLR212C,12
YLR215C,12
YLR216C,12
YLR218C,12
YLR219W,1
YLR220W,14
YLR221C,13
YLR222C,13
YLR225C,12
YLR226W,13
YLR228C,13
YLR231C,8
YLR234W,13
YLR237W,12
YLR239C,7
YLR244C,12
YLR245C,12
YLR248W,12
YLR250W,5
YLR253W,7
YLR254C,13
YLR257W,12
YLR258W,12
YLR259C,8
YLR260W,8
YLR262C,8
YLR262C-A,12
YLR263W,8
YLR264W,12
YLR265C,13
YLR266C,8
YLR268W,12
YLR270W,12
YLR271W,13
YLR277C,13
YLR281C,8
YLR283W,8
YLR285W,12
YLR286C,8
YLR287C,12
YLR287C-A,12
YLR289W,7
YLR290C,7
YLR291C,12
YLR292C,3
YLR295C,7
YLR297W,8
YLR298C,13
YLR299W,8
YLR300W,14
YLR301W,12
YLR309C,12
YLR312W-A,7
YLR313C,8
YLR315W,10
YLR316C,13
YLR319C,11
YLR321C,13
YLR323C,13
YLR324W,0
YLR325C,12
YLR326W,12
YLR327C,8
YLR328W,12
YLR330W,5
YLR332W,1
YLR333C,12
YLR335W,13
YLR336C,13
YLR337C,0
YLR343W,8
YLR344W,12
YLR345W,12
YLR346C,8
YLR347C,13
YLR348C,7
YLR350W,3
YLR351C,12
YLR353W,8
YLR354C,13
YLR356W,7
YLR357W,13
YLR360W,4
YLR362W,12
YLR363C,12
YLR363W-A,13
YLR364W,8
YLR367W,13
YLR369W,7
YLR370C,0
YLR372W,3
YLR373C,13
YLR375W,13
YLR376C,8
YLR378C,3
YLR380W,12
YLR381W,8
YLR382C,7
YLR385C,13
YLR386W,4
YLR387C,12
YLR388W,12
YLR390W,7
YLR390W-A,3
YLR392C,8
YLR393W,7
YLR396C,4
YLR397C,12
YLR399C,13
YLR401C,13
YLR403W,13
YLR404W,6
YLR405W,12
YLR407W,12
YLR408C,4
YLR409C,13
YLR412W,12
YLR413W,1
YLR414C,1
YLR417W,12
YLR418C,13
YLR420W,12
YLR421C,13
YLR423C,8
YLR424W,13
YLR426W,8
YLR427W,12
YLR429W,0
YLR432W,12
YLR433C,12
YLR435W,13
YLR438C-A,12
YLR438W,12
YLR439W,7
YLR440C,3
YLR441C,8
YLR442C,13
YLR448W,12
YLR449W,13
YLR451W,13
YLR452C,12
YLR453C,13
YLR455W,13
YML001W,12
YML004C,12
YML005W,12
YML006C,12
YML007C-A,7
YML007W,12
YML008C,6
YML009C,7
YML011C,13
YML012W,3
YML013W,3
YML014W,12
YML016C,1
YML017W,12
YML018C,14
YML021C,13
YML022W,12
YML023C,8
YML024W,13
YML025C,7
YML026C,12
YML027W,13
YML028W,12
YML029W,12
YML030W,7
YML031W,13
YML032C,13
YML034W,13
YML035C,12
YML037C,12
YML038C,5
YML041C,13
YML043C,10
YML046W,13
YML048W,3
YML051W,8
YML052W,2
YML053C,13
YML055W,3
YML056C,12
YML057W,12
YML058W,12
YML058W-A,12
YML060W,13
YML062C,13
YML063W,12
YML064C,12
YML067C,3
YML069W,13
YML070W,12
YML071C,5
YML073C,12
YML074C,13
YML076C,13
YML078W,7
YML079W,12
YML080W,13
YML081C-A,8
YML082W,13
YML085C,12
YML086C,7
YML088W,8
YML092C,13
YML093W,13
YML094W,12
YML095C,13
YML096W,12
YML097C,12
YML098W,8
YML099C,13
YML101C,3
YML102W,13
YML105C,3
YML106W,12
YML107C,13
YML108W,13
YML109W,12
YML110C,9
YML111W,12
YML112W,13
YML113W,13
YML115C,4
YML116W,1
YML120C,7
YML121W,14
YML124C,12
YML125C,3
YML126C,13
YML127W,13
YML128C,3
YML131W,8
YML132W,8
YMR001C,8
YMR002W,12
YMR003W,7
YMR004W,4
YMR009W,12
YMR010W,5
YMR011W,1
YMR014W,13
YMR015C,3
YMR016C,13
YMR019W,13
YMR021C,13
YMR022W,8
YMR023C,3
YMR026C,9
YMR027W,12
YMR029C,12
YMR030W,8
YMR031C,2
YMR032W,11
YMR036C,12
YMR037C,13
YMR038C,12
YMR039C,13
YMR042W,13
YMR043W,13
YMR044W,13
YMR048W,8
YMR049C,8
YMR052W,12
YMR054W,5
YMR055C,8
YMR056C,8
YMR058W,1
YMR059W,12
YMR060C,8
YMR061W,13
YMR062C,7
YMR066W,7
YMR067C,12
YMR069W,13
YMR070W,13
YMR071C,5
YMR072W,7
YMR073C,12
YMR074C,12
YMR077C,6
YMR078C,13
YMR079W,12
YMR080C,12
YMR083W,7
YMR086W,1
YMR089C,7
YMR090W,12
YMR091C,13
YMR092C,0
YMR093W,13
YMR095C,12
YMR097C,7
YMR098C,7
YMR102C,12
YMR105C,12
YMR106C,13
YMR108W,7
YMR110C,6
YMR111C,8
YMR112C,13
YMR113W,12
YMR114C,13
YMR115W,7
YMR117C,10
YMR119W,13
YMR120C,12
YMR121C,13
YMR122W-A,12
YMR123W,3
YMR124W,11
YMR125W,13
YMR127C,13
YMR131C,13
YMR132C,8
YMR134W,3
YMR135C,13
YMR137C,13
YMR138W,8
YMR139W,12
YMR140W,12
YMR142C,12
YMR143W,12
YMR144W,13
YMR145C,7
YMR148W,6
YMR149W,3
YMR152W,3
YMR153W,13
YMR157C,7
YMR159C,12
YMR160W,14
YMR161W,12
YMR163C,8
YMR164C,8
YMR165C,12
YMR166C,8
YMR167W,10
YMR168C,13
YMR169C,8
YMR170C,12
YMR171C,4
YMR172W,13
YMR173W,12
YMR174C,12
YMR177W,7
YMR178W,12
YMR179W,8
YMR182C,13
YMR183C,4
YMR184W,12
YMR186W,12
YMR188C,7
YMR192W,12
YMR193W,13
YMR194W,12
YMR195W,4
YMR198W,8
YMR199W,8
YMR200W,3
YMR201C,13
YMR204C,12
YMR205C,12
YMR208W,12
YMR209C,12
YMR212C,1
YMR213W,13
YMR214W,14
YMR215W,3
YMR216C,12
YMR220W,12
YMR221C,8
YMR222C,12
YMR224C,13
YMR225C,12
YMR226C,12
YMR227C,13
YMR230W,12
YMR232W,8
YMR233W,13
YMR234W,8
YMR235C,12
YMR236W,13
YMR237W,5
YMR238W,3
YMR239C,13
YMR240C,13
YMR241W,7
YMR244C-A,12
YMR246W,6
YMR250W,8
YMR251W-A,3
YMR252C,8
YMR253C,5
YMR255W,12
YMR257C,8
YMR258C,12
YMR260C,12
YMR263W,13
YMR264W,8
YMR267W,8
YMR268C,13
YMR269W,13
YMR270C,13
YMR271C,8
YMR272C,3
YMR273C,12
YMR275C,12
YMR276W,13
YMR277W,13
YMR278W,12
YMR281W,8
YMR282C,7
YMR283C,8
YMR284W,13
YMR287C,7
YMR288W,13
YMR289W,8
YMR291W,12
YMR292W,3
YMR293C,7
YMR295C,11
YMR296C,3
YMR297W,14
YMR299C,8
YMR300C,12
YMR301C,7
YMR302C,7
YMR303C,8
YMR305C,14
YMR307W,7
YMR309C,12
YMR310C,13
YMR311C,12
YMR313C,6
YMR314W,13
YMR315W,12
YMR318C,12
YMR319C,8
YNL001W,12
YNL003C,7
YNL004W,13
YNL005C,7
YNL006W,12
YNL007C,12
YNL008C,13
YNL010W,12
YNL015W,12
YNL016W,12
YNL020C,12
YNL021W,13
YNL022C,13
YNL024C,8
YNL025C,13
YNL027W,12
YNL031C,8
YNL032W,12
YNL035C,13
YNL036W,12
YNL037C,7
YNL040W,12
YNL041C,5
YNL042W,13
YNL044W,5
YNL045W,12
YNL046W,8
YNL048W,3
YNL049C,5
YNL051W,5
YNL053W,12
YNL055C,12
YNL056W,12
YNL058C,14
YNL059C,13
YNL061W,13
YNL062C,13
YNL063W,8
YNL064C,12
YNL065W,14
YNL066W,14
YNL067W,12
YNL068C,13
YNL072W,13
YNL073W,7
YNL074C,12
YNL076W,12
YNL077W,13
YNL078W,11
YNL081C,7
YNL082W,13
YNL083W,12
YNL084C,0
YNL085W,12
YNL086W,4
YNL090W,12
YNL094W,12
YNL095C,12
YNL096C,12
YNL097C,13
YNL098C,12
YNL099C,12
YNL100W,7
YNL103W,13
YNL104C,7
YNL107W,13
YNL108C,12
YNL110C,13
YNL111C,3
YNL112W,13
YNL113W,13
YNL115C,8
YNL116W,8
YNL118C,12
YNL119W,12
YNL121C,7
YNL122C,7
YNL123W,13
YNL124W,13
YNL127W,12
YNL129W,12
YNL130C,3
YNL131W,8
YNL133C,13
YNL134C,12
YNL135C,12
YNL136W,13
YNL138W,0
YNL141W,12
YNL142W,1
YNL143C,12
YNL146W,3
YNL147W,12
YNL148C,12
YNL149C,3
YNL152W,12
YNL153C,12
YNL154C,12
YNL155W,12
YNL156C,3
YNL157W,12
YNL158W,13
YNL161W,11
YNL162W,13
YNL162W-A,12
YNL164C,12
YNL166C,11
YNL167C,13
YNL168C,7
YNL169C,7
YNL173C,1
YNL175C,13
YNL176C,14
YNL177C,7
YNL180C,13
YNL181W,3
YNL183C,12
YNL185C,7
YNL186W,13
YNL189W,13
YNL190W,14
YNL191W,12
YNL194C,8
YNL197C,12
YNL200C,8
YNL201C,13
YNL206C,13
YNL209W,12
YNL211C,7
YNL212W,12
YNL213C,7
YNL214W,9
YNL215W,13
YNL217W,8
YNL218W,13
YNL219C,13
YNL220W,12
YNL221C,12
YNL223W,12
YNL225C,10
YNL227C,12
YNL230C,8
YNL231C,6
YNL232W,13
YNL233W,11
YNL234W,12
YNL236W,13
YNL238W,5
YNL239W,12
YNL241C,12
YNL243W,0
YNL245C,13
YNL246W,13
YNL247W,12
YNL248C,13
YNL251C,13
YNL252C,7
YNL254C,13
YNL255C,12
YNL256W,12
YNL258C,3
YNL259C,12
YNL261W,13
YNL264C,12
YNL265C,6
YNL272C,12
YNL274C,12
YNL275W,12
YNL277W,12
YNL279W,8
YNL280C,3
YNL281W,12
YNL282W,13
YNL283C,1
YNL284C,7
YNL286W,13
YNL287W,5
YNL288W,12
YNL290W,13
YNL292W,8
YNL293W,12
YNL298W,11
YNL299W,13
YNL300W,3
YNL301C,12
YNL304W,8
YNL305C,14
YNL307C,12
YNL308C,13
YNL309W,13
YNL310C,13
YNL311C,12
YNL312W,13
YNL313C,12
YNL315C,7
YNL316C,12
YNL317W,13
YNL322C,3
YNL323W,3
YNL325C,8
YNL326C,14
YNL328C,12
YNL330C,13
YNL336W,14
YNR001C,7
YNR004W,13
YNR006W,4
YNR007C,12
YNR009W,13
YNR010W,13
YNR011C,13
YNR012W,12
YNR013C,3
YNR014W,12
YNR015W,13
YNR017W,7
YNR018W,7
YNR019W,3
YNR021W,3
YNR022C,7
YNR023W,13
YNR024W,13
YNR026C,3
YNR027W,12
YNR028W,14
YNR029C,12
YNR030W,3
YNR032W,8
YNR033W,12
YNR034W,12
YNR034W-A,12
YNR035C,0
YNR038W,13
YNR039C,12
YNR040W,7
YNR041C,7
YNR043W,12
YNR044W,12
YNR045W,7
YNR046W,13
YNR047W,12
YNR048W,8
YNR049C,12
YNR050C,12
YNR051C,12
YNR052C,12
YNR053C,13
YNR055C,1
YNR056C,8
YNR061C,14
YNR075W,8
YOL006C,13
YOL007C,14
YOL009C,12
YOL010W,13
YOL011W,14
YOL012C,13
YOL013C,12
YOL016C,12
YOL017W,8
YOL019W,14
YOL020W,1
YOL021C,13
YOL022C,12
YOL023W,7
YOL027C,7
YOL028C,13
YOL030W,14
YOL031C,12
YOL032W,12
YOL033W,7
YOL038W,13
YOL039W,12
YOL041C,13
YOL042W,7
YOL043C,8
YOL044W,9
YOL047C,8
YOL048C,6
YOL049W,12
YOL052C-A,14
YOL054W,13
YOL055C,8
YOL056W,12
YOL057W,12
YOL059W,12
YOL060C,14
YOL061W,12
YOL062C,11
YOL064C,12
YOL066C,12
YOL067C,12
YOL068C,13
YOL069W,10
YOL070C,12
YOL071W,7
YOL072W,13
YOL077C,13
YOL077W-A,7
YOL080C,13
YOL082W,8
YOL084W,8
YOL088C,14
YOL090W,13
YOL092W,14
YOL093W,13
YOL094C,13
YOL096C,9
YOL097C,12
YOL101C,8
YOL102C,8
YOL103W,1
YOL105C,8
YOL107W,4
YOL108C,13
YOL111C,12
YOL112W,8
YOL113W,8
YOL115W,13
YOL116W,8
YOL117W,8
YOL121C,12
YOL123W,13
YOL124C,12
YOL125W,13
YOL126C,9
YOL129W,14
YOL130W,12
YOL134C,12
YOL135C,13
YOL136C,12
YOL137W,8
YOL139C,12
YOL140W,7
YOL141W,12
YOL142W,13
YOL143C,12
YOL144W,13
YOL147C,9
YOL148C,13
YOL149W,12
YOL150C,7
YOL151W,12
YOL154W,8
YOL159C-A,8
YOR001W,13
YOR002W,8
YOR004W,7
YOR006C,12
YOR007C,12
YOR008C,14
YOR014W,12
YOR017W,7
YOR018W,12
YOR022C,7
YOR023C,8
YOR025W,12
YOR026W,13
YOR027W,12
YOR028C,13
YOR033C,8
YOR034C,8
YOR035C,12
YOR037W,7
YOR038C,13
YOR039W,13
YOR040W,8
YOR042W,12
YOR043W,1
YOR044W,3
YOR045W,8
YOR046C,13
YOR048C,13
YOR051C,13
YOR052C,13
YOR056C,12
YOR057W,12
YOR058C,8
YOR059C,12
YOR060C,13
YOR061W,13
YOR062C,13
YOR063W,12
YOR064C,13
YOR065W,7
YOR069W,4
YOR070C,12
YOR073W,8
YOR074C,8
YOR075W,12
YOR076C,8
YOR077W,13
YOR078W,13
YOR081C,6
YOR083W,13
YOR084W,8
YOR085W,12
YOR087W,12
YOR089C,12
YOR091W,12
YOR092W,3
YOR094W,1
YOR095C,12
YOR099W,14
YOR101W,12
YOR104W,11
YOR107W,8
YOR108W,7
YOR110W,13
YOR112W,12
YOR113W,13
YOR115C,8
YOR117W,7
YOR118W,12
YOR120W,12
YOR122C,12
YOR123C,13
YOR127W,11
YOR128C,12
YOR129C,8
YOR130C,7
YOR131C,12
YOR132W,4
YOR133W,12
YOR136W,7
YOR138C,12
YOR140W,13
YOR142W,7
YOR143C,12
YOR144C,13
YOR147W,7
YOR148C,13
YOR150W,7
YOR152C,8
YOR154W,12
YOR156C,13
YOR157C,13
YOR158W,7
YOR160W,12
YOR161C,8
YOR162C,13
YOR163W,12
YOR164C,12
YOR165W,3
YOR167C,12
YOR168W,12
YOR171C,12
YOR172W,13
YOR173W,8
YOR174W,13
YOR175C,3
YOR176W,7
YOR179C,13
YOR181W,0
YOR182C,12
YOR184W,12
YOR185C,13
YOR187W,7
YOR189W,13
YOR193W,9
YOR195W,10
YOR196C,7
YOR197W,12
YOR198C,3
YOR201C,7
YOR205C,7
YOR206W,13
YOR208W,8
YOR209C,12
YOR210W,13
YOR213C,13
YOR214C,12
YOR215C,7
YOR217W,13
YOR220W,12
YOR221C,7
YOR224C,13
YOR226C,7
YOR228C,8
YOR229W,13
YOR230W,13
YOR231W,8
YOR232W,12
YOR233W,12
YOR234C,12
YOR236W,12
YOR238W,12
YOR239W,12
YOR241W,12
YOR243C,13
YOR244W,3
YOR245C,12
YOR246C,6
YOR247W,14
YOR248W,14
YOR249C,13
YOR251C,8
YOR252W,13
YOR253W,12
YOR254C,3
YOR258W,8
YOR260W,12
YOR261C,13
YOR262W,12
YOR264W,8
YOR265W,12
YOR266W,7
YOR267C,12
YOR269W,8
YOR270C,14
YOR271C,7
YOR272W,13
YOR273C,1
YOR274W,13
YOR275C,12
YOR276W,12
YOR279C,13
YOR281C,12
YOR283W,12
YOR284W,12
YOR285W,12
YOR286W,7
YOR288C,8
YOR289W,12
YOR292C,8
YOR293W,13
YOR295W,13
YOR297C,7
YOR298C-A,12
YOR299W,4
YOR302W,12
YOR303W,12
YOR304C-A,11
YOR305W,7
YOR307C,3
YOR308C,13
YOR310C,13
YOR311C,3
YOR312C,12
YOR315W,8
YOR316C,14
YOR317W,3
YOR319W,13
YOR320C,8
YOR321W,8
YOR322C,12
YOR323C,12
YOR324C,8
YOR329C,12
YOR332W,14
YOR334W,8
YOR335C,12
YOR337W,13
YOR340C,13
YOR342C,13
YOR344C,8
YOR346W,8
YOR347C,12
YOR350C,7
YOR352W,13
YOR353C,8
YOR354C,7
YOR355W,13
YOR356W,7
YOR357C,4
YOR358W,13
YOR359W,12
YOR360C,13
YOR361C,12
YOR362C,13
YOR363C,13
YOR367W,12
YOR370C,12
YOR371C,12
YOR372C,13
YOR373W,10
YOR375C,12
YOR377W,8
YOR385W,12
YOR386W,8
YPL002C,12
YPL004C,2
YPL005W,7
YPL007C,13
YPL008W,8
YPL013C,7
YPL014W,12
YPL015C,12
YPL017C,8
YPL018W,10
YPL019C,8
YPL020C,13
YPL024W,13
YPL026C,12
YPL028W,13
YPL029W,7
YPL030W,12
YPL031C,13
YPL032C,11
YPL037C,12
YPL038W,13
YPL040C,7
YPL043W,13
YPL045W,13
YPL046C,12
YPL047W,13
YPL048W,12
YPL049C,13
YPL051W,12
YPL053C,14
YPL057C,14
YPL059W,7
YPL060W,7
YPL061W,12
YPL063W,7
YPL064C,13
YPL065W,12
YPL066W,8
YPL067C,12
YPL068C,13
YPL069C,7
YPL070W,12
YPL071C,8
YPL072W,8
YPL074W,12
YPL075W,13
YPL076W,8
YPL078C,7
YPL079W,12
YPL081W,12
YPL083C,12
YPL084W,4
YPL086C,12
YPL087W,14
YPL089C,13
YPL091W,12
YPL094C,3
YPL096W,12
YPL097W,7
YPL100W,4
YPL105C,12
YPL106C,12
YPL107W,7
YPL108W,8
YPL109C,7
YPL111W,12
YPL112C,9
YPL116W,12
YPL117C,12
YPL118W,7
YPL119C,8
YPL120W,4
YPL122C,13
YPL126W,13
YPL127C,13
YPL128C,13
YPL131W,12
YPL133C,13
YPL134C,8
YPL135W,7
YPL138C,13
YPL139C,13
YPL140C,8
YPL141C,8
YPL144W,12
YPL145C,12
YPL146C,13
YPL150W,12
YPL151C,13
YPL152W,8
YPL153C,13
YPL154C,14
YPL155C,12
YPL158C,11
YPL161C,12
YPL162C,14
YPL163C,8
YPL166W,13
YPL168W,7
YPL169C,13
YPL170W,12
YPL172C,8
YPL175W,8
YPL177C,13
YPL178W,13
YPL179W,8
YPL180W,14
YPL181W,13
YPL183C,12
YPL184C,12
YPL188W,7
YPL190C,8
YPL191C,12
YPL192C,8
YPL193W,13
YPL194W,13
YPL195W,5
YPL198W,12
YPL199C,12
YPL203W,13
YPL204W,12
YPL206C,6
YPL207W,3
YPL208W,13
YPL209C,10
YPL210C,3
YPL211W,13
YPL213W,13
YPL214C,8
YPL215W,7
YPL219W,12
YPL220W,12
YPL221W,11
YPL222W,7
YPL223C,8
YPL225W,12
YPL227C,3
YPL228W,13
YPL229W,12
YPL232W,6
YPL233W,10
YPL234C,3
YPL236C,4
YPL239W,12
YPL240C,12
YPL241C,12
YPL243W,12
YPL245W,8
YPL246C,5
YPL247C,8
YPL249C,12
YPL249C-A,12
YPL250C,12
YPL252C,8
YPL254W,13
YPL255W,10
YPL256C,8
YPL259C,5
YPL260W,12
YPL262W,7
YPL263C,12
YPL269W,12
YPL273W,12
YPL274W,12
YPR001W,8
YPR002W,7
YPR003C,12
YPR004C,7
YPR006C,8
YPR008W,12
YPR011C,7
YPR013C,8
YPR016C,13
YPR017C,12
YPR019W,13
YPR020W,7
YPR023C,13
YPR024W,7
YPR025C,13
YPR028W,3
YPR029C,13
YPR031W,13
YPR033C,12
YPR034W,13
YPR036W,14
YPR037C,8
YPR040W,12
YPR041W,12
YPR043W,14
YPR045C,13
YPR046W,10
YPR047W,7
YPR051W,12
YPR052C,13
YPR056W,13
YPR057W,13
YPR060C,12
YPR061C,7
YPR062W,12
YPR063C,3
YPR065W,13
YPR067W,7
YPR069C,12
YPR070W,13
YPR071W,12
YPR072W,12
YPR073C,12
YPR074C,13
YPR075C,12
YPR079W,4
YPR081C,8
YPR083W,12
YPR086W,13
YPR098C,7
YPR100W,7
YPR101W,13
YPR102C,12
YPR103W,8
YPR104C,13
YPR105C,12
YPR107C,13
YPR108W,13
YPR110C,13
YPR111W,12
YPR114W,3
YPR116W,7
YPR118W,12
YPR119W,8
YPR124W,8
YPR125W,7
YPR127W,8
YPR128C,9
YPR129W,12
YPR131C,12
YPR132W,12
YPR134W,8
YPR135W,13
YPR137W,13
YPR138C,1
YPR139C,3
YPR140W,8
YPR141C,10
YPR143W,13
YPR144C,13
YPR145W,12
YPR147C,8
YPR149W,2
YPR152C,13
YPR154W,12
YPR155C,7
YPR156C,1
YPR160W,12
YPR161C,13
YPR163C,12
YPR168W,13
YPR169W,13
YPR171W,0
YPR172W,12
YPR174C,13
YPR175W,13
YPR178W,13
YPR179C,13
YPR180W,13
YPR182W,13
YPR183W,3
YPR185W,12
YPR186C,13
YPR187W,13
YPR188C,11
YPR191W,7
